Coral_ID,Date,Side,Percent_dead
1,1/31/20,Red,0
1,1/31/20,Green,0
1,2/4/20,Red,35
1,2/4/20,Green,35
1,2/5/20,Red,60
1,2/5/20,Green,50
2,1/31/20,Green,0
2,1/31/20,Red,0
2,2/4/20,Green,20
2,2/4/20,Red,33
2,2/5/20,Green,35
2,2/5/20,Red,40
3,1/31/20,Green,0
3,1/31/20,Red,0
3,2/4/20,Green,5
3,2/4/20,Red,0
3,2/5/20,Green,5
3,2/5/20,Red,0
3,2/6/20,Green,5
3,2/6/20,Red,0
3,2/7/20,Green,5
3,2/7/20,Red,0
3,2/8/20,Green,5
3,2/8/20,Red,0
3,2/9/20,Green,5
3,2/9/20,Red,0
3,2/10/20,Green,5
3,2/10/20,Red,0
3,2/11/20,Green,5
3,2/11/20,Red,0
3,2/12/20,Green,4
3,2/12/20,Red,0
3,2/13/20,Green,4
3,2/13/20,Red,0
3,2/14/20,Green,4
3,2/14/20,Red,0
3,2/15/20,Green,4
3,2/15/20,Red,0
3,2/16/20,Green,5
3,2/16/20,Red,0
3,2/17/20,Green,5
3,2/17/20,Red,5
3,2/18/20,Green,10
3,2/18/20,Red,10
3,2/19/20,Green,20
3,2/19/20,Red,20
3,2/20/20,Green,33
3,2/20/20,Red,20
3,2/21/20,Green,35
3,2/21/20,Red,25
3,2/22/20,Green,45
3,2/22/20,Red,33
3,2/23/20,Green,50
3,2/23/20,Red,50
4,1/31/20,Green,0
4,1/31/20,Red,0
4,2/4/20,Green,10
4,2/4/20,Red,5
4,2/5/20,Green,10
4,2/5/20,Red,35
4,2/6/20,Green,10
4,2/6/20,Red,35
4,2/7/20,Green,15
4,2/7/20,Red,40
4,2/8/20,Green,20
4,2/8/20,Red,40
4,2/9/20,Green,20
4,2/9/20,Red,40
4,2/10/20,Green,30
4,2/10/20,Red,40
4,2/11/20,Green,45
4,2/11/20,Red,45
5,1/31/20,Green,0
5,1/31/20,Red,5
5,2/4/20,Green,33
5,2/4/20,Red,20
5,2/5/20,Green,55
5,2/5/20,Red,55
6,1/31/20,Green,0
6,1/31/20,Red,0
6,2/4/20,Green,20
6,2/4/20,Red,20
6,2/5/20,Green,70
6,2/5/20,Red,70
7,1/31/20,Green,0
7,1/31/20,Red,5
7,2/4/20,Green,25
7,2/4/20,Red,5
7,2/5/20,Green,25
7,2/5/20,Red,15
7,2/6/20,Green,25
7,2/6/20,Red,15
7,2/7/20,Green,25
7,2/7/20,Red,15
7,2/8/20,Green,30
7,2/8/20,Red,15
7,2/9/20,Green,40
7,2/9/20,Red,20
7,2/10/20,Green,40
7,2/10/20,Red,20
7,2/11/20,Green,40
7,2/11/20,Red,20
7,2/12/20,Green,40
7,2/12/20,Red,20
7,2/13/20,Green,40
7,2/13/20,Red,20
7,2/14/20,Green,40
7,2/14/20,Red,20
7,2/15/20,Green,40
7,2/15/20,Red,20
8,1/31/20,Green,0
8,1/31/20,Red,0
8,2/4/20,Green,0
8,2/4/20,Red,5
8,2/5/20,Green,0
8,2/5/20,Red,5
8,2/6/20,Green,0
8,2/6/20,Red,5
8,2/7/20,Green,0
8,2/7/20,Red,5
8,2/8/20,Green,0
8,2/8/20,Red,5
8,2/9/20,Green,0
8,2/9/20,Red,5
8,2/10/20,Green,0
8,2/10/20,Red,5
8,2/11/20,Green,0
8,2/11/20,Red,5
8,2/12/20,Green,0
8,2/12/20,Red,5
8,2/13/20,Green,0
8,2/13/20,Red,5
8,2/14/20,Green,0
8,2/14/20,Red,5
8,2/15/20,Green,0
8,2/15/20,Red,5
8,2/16/20,Green,0
8,2/16/20,Red,5
8,2/17/20,Green,0
8,2/17/20,Red,5
8,2/18/20,Green,0
8,2/18/20,Red,5
8,2/19/20,Green,0
8,2/19/20,Red,5
8,2/20/20,Green,0
8,2/20/20,Red,5
8,2/21/20,Green,0
8,2/21/20,Red,5
8,2/22/20,Green,0
8,2/22/20,Red,5
8,2/23/20,Green,0
8,2/23/20,Red,5
8,2/24/20,Green,0
8,2/24/20,Red,5
8,2/25/20,Green,0
8,2/25/20,Red,5
9,1/31/20,Green,0
9,1/31/20,Red,0
9,2/4/20,Green,15
9,2/4/20,Red,8
9,2/5/20,Green,25
9,2/5/20,Red,8
9,2/6/20,Green,30
9,2/6/20,Red,8
9,2/7/20,Green,30
9,2/7/20,Red,30
9,2/8/20,Green,35
9,2/8/20,Red,35
9,2/9/20,Green,35
9,2/9/20,Red,40
9,2/10/20,Green,60
9,2/10/20,Red,40
10,1/31/20,Red,0
10,1/31/20,Green,0
10,2/4/20,Red,0
10,2/4/20,Green,0
10,2/5/20,Red,0
10,2/5/20,Green,0
10,2/6/20,Red,0
10,2/6/20,Green,5
10,2/7/20,Red,0
10,2/7/20,Green,7
10,2/8/20,Red,0
10,2/8/20,Green,8
10,2/9/20,Red,0
10,2/9/20,Green,9
10,2/10/20,Red,0
10,2/10/20,Green,9
10,2/11/20,Red,0
10,2/11/20,Green,9
10,2/12/20,Red,0
10,2/12/20,Green,9
10,2/13/20,Red,0
10,2/13/20,Green,9
10,2/14/20,Red,0
10,2/14/20,Green,9
10,2/15/20,Red,0
10,2/15/20,Green,9
10,2/16/20,Red,0
10,2/16/20,Green,10
10,2/17/20,Red,0
10,2/17/20,Green,10
10,2/18/20,Red,0
10,2/18/20,Green,10
10,2/19/20,Red,0
10,2/19/20,Green,10
10,2/20/20,Red,0
10,2/20/20,Green,10
10,2/21/20,Red,0
10,2/21/20,Green,10
10,2/22/20,Red,0
10,2/22/20,Green,10
10,2/23/20,Red,0
10,2/23/20,Green,10
10,2/24/20,Red,0
10,2/24/20,Green,10
10,2/25/20,Red,0
10,2/25/20,Green,10
11,1/31/20,Green,0
11,1/31/20,Red,0
11,2/4/20,Green,10
11,2/4/20,Red,10
11,2/5/20,Green,10
11,2/5/20,Red,10
11,2/6/20,Green,10
11,2/6/20,Red,10
11,2/7/20,Green,10
11,2/7/20,Red,10
11,2/8/20,Green,10
11,2/8/20,Red,10
11,2/9/20,Green,10
11,2/9/20,Red,10
11,2/10/20,Green,10
11,2/10/20,Red,10
11,2/11/20,Green,10
11,2/11/20,Red,10
11,2/12/20,Green,10
11,2/12/20,Red,10
11,2/13/20,Green,10
11,2/13/20,Red,10
11,2/14/20,Green,10
11,2/14/20,Red,10
11,2/15/20,Green,10
11,2/15/20,Red,10
11,2/16/20,Green,10
11,2/16/20,Red,9
11,2/17/20,Green,10
11,2/17/20,Red,9
11,2/18/20,Green,10
11,2/18/20,Red,8
11,2/19/20,Green,10
11,2/19/20,Red,8
11,2/20/20,Green,10
11,2/20/20,Red,7
11,2/21/20,Green,10
11,2/21/20,Red,7
11,2/22/20,Green,10
11,2/22/20,Red,6
11,2/23/20,Green,10
11,2/23/20,Red,6
11,2/24/20,Green,10
11,2/24/20,Red,5
11,2/25/20,Green,10
11,2/25/20,Red,5
12,1/31/20,Green,0
12,1/31/20,Red,0
12,2/4/20,Green,0
12,2/4/20,Red,5
12,2/5/20,Green,0
12,2/5/20,Red,5
12,2/6/20,Green,0
12,2/6/20,Red,5
12,2/7/20,Green,0
12,2/7/20,Red,5
12,2/8/20,Green,0
12,2/8/20,Red,5
12,2/9/20,Green,0
12,2/9/20,Red,5
12,2/10/20,Green,0
12,2/10/20,Red,5
12,2/11/20,Green,0
12,2/11/20,Red,5
12,2/12/20,Green,0
12,2/12/20,Red,5
12,2/13/20,Green,0
12,2/13/20,Red,5
12,2/14/20,Green,0
12,2/14/20,Red,5
12,2/15/20,Green,0
12,2/15/20,Red,5
12,2/16/20,Green,0
12,2/16/20,Red,5
12,2/17/20,Green,0
12,2/17/20,Red,5
12,2/18/20,Green,0
12,2/18/20,Red,5
12,2/19/20,Green,0
12,2/19/20,Red,5
12,2/20/20,Green,0
12,2/20/20,Red,5
12,2/21/20,Green,0
12,2/21/20,Red,5
12,2/22/20,Green,0
12,2/22/20,Red,5
12,2/23/20,Green,0
12,2/23/20,Red,5
12,2/24/20,Green,0
12,2/24/20,Red,5
12,2/25/20,Green,0
12,2/25/20,Red,5
13,1/31/20,Green,0
13,1/31/20,Red,5
13,2/4/20,Green,20
13,2/4/20,Red,5
13,2/5/20,Green,20
13,2/5/20,Red,5
13,2/6/20,Green,20
13,2/6/20,Red,5
13,2/7/20,Green,20
13,2/7/20,Red,5
13,2/8/20,Green,20
13,2/8/20,Red,5
13,2/9/20,Green,20
13,2/9/20,Red,5
13,2/10/20,Green,20
13,2/10/20,Red,5
13,2/11/20,Green,20
13,2/11/20,Red,5
13,2/12/20,Green,20
13,2/12/20,Red,5
13,2/13/20,Green,20
13,2/13/20,Red,5
13,2/14/20,Green,20
13,2/14/20,Red,5
13,2/15/20,Green,20
13,2/15/20,Red,5
13,2/16/20,Green,20
13,2/16/20,Red,5
13,2/17/20,Green,20
13,2/17/20,Red,5
13,2/18/20,Green,20
13,2/18/20,Red,5
13,2/19/20,Green,20
13,2/19/20,Red,5
13,2/20/20,Green,20
13,2/20/20,Red,5
13,2/21/20,Green,20
13,2/21/20,Red,5
13,2/22/20,Green,20
13,2/22/20,Red,5
13,2/23/20,Green,20
13,2/23/20,Red,5
13,2/24/20,Green,20
13,2/24/20,Red,5
13,2/25/20,Green,20
13,2/25/20,Red,5
14,1/31/20,Green,0
14,1/31/20,Red,0
14,2/4/20,Green,20
14,2/4/20,Red,0
14,2/5/20,Green,20
14,2/5/20,Red,0
14,2/6/20,Green,20
14,2/6/20,Red,0
14,2/7/20,Green,20
14,2/7/20,Red,0
14,2/8/20,Green,25
14,2/8/20,Red,10
14,2/9/20,Green,30
14,2/9/20,Red,20
14,2/10/20,Green,35
14,2/10/20,Red,30
14,2/11/20,Green,70
14,2/11/20,Red,50
15,1/31/20,Green,2.5
15,1/31/20,Red,0
15,2/4/20,Green,2.5
15,2/4/20,Red,5
15,2/5/20,Green,2.5
15,2/5/20,Red,5
15,2/6/20,Green,2.5
15,2/6/20,Red,5
15,2/7/20,Green,5
15,2/7/20,Red,5
15,2/8/20,Green,5
15,2/8/20,Red,5
15,2/9/20,Green,5
15,2/9/20,Red,5
15,2/10/20,Green,5
15,2/10/20,Red,5
15,2/11/20,Green,5
15,2/11/20,Red,5
15,2/12/20,Green,5
15,2/12/20,Red,5
15,2/13/20,Green,5
15,2/13/20,Red,5
15,2/14/20,Green,2.5
15,2/14/20,Red,5
15,2/15/20,Green,2.5
15,2/15/20,Red,5
15,2/16/20,Green,2.5
15,2/16/20,Red,5
15,2/17/20,Green,2.5
15,2/17/20,Red,2.5
15,2/18/20,Green,2.5
15,2/18/20,Red,2.5
15,2/19/20,Green,2.5
15,2/19/20,Red,2.5
15,2/20/20,Green,2.5
15,2/20/20,Red,2.5
15,2/21/20,Green,2.5
15,2/21/20,Red,2.5
15,2/22/20,Green,2.5
15,2/22/20,Red,2.5
15,2/23/20,Green,2.5
15,2/23/20,Red,2.5
15,2/24/20,Green,2.5
15,2/24/20,Red,2.5
15,2/25/20,Green,2.5
15,2/25/20,Red,2.5
16,1/31/20,Green,5
16,1/31/20,Red,0
16,2/4/20,Green,55
16,2/4/20,Red,25
16,2/5/20,Green,55
16,2/5/20,Red,40
17,1/31/20,Green,5
17,1/31/20,Red,5
17,2/4/20,Green,5
17,2/4/20,Red,5
17,2/5/20,Green,5
17,2/5/20,Red,25
17,2/6/20,Green,35
17,2/6/20,Red,85
18,1/31/20,Green,0
18,1/31/20,Red,0
18,2/4/20,Green,0
18,2/4/20,Red,5
18,2/5/20,Green,5
18,2/5/20,Red,20
18,2/6/20,Green,70
18,2/6/20,Red,60
19,1/31/20,Green,0
19,1/31/20,Red,0
19,2/4/20,Green,10
19,2/4/20,Red,0
19,2/5/20,Green,40
19,2/5/20,Red,45
20,1/31/20,Green,0
20,1/31/20,Red,5
20,2/4/20,Green,25
20,2/4/20,Red,5
20,2/5/20,Green,70
20,2/5/20,Red,60
21,1/31/20,Green,0
21,1/31/20,Red,0
21,2/4/20,Green,0
21,2/4/20,Red,0
21,2/5/20,Green,0
21,2/5/20,Red,0
21,2/6/20,Green,0
21,2/6/20,Red,0
21,2/7/20,Green,0
21,2/7/20,Red,0
21,2/8/20,Green,0
21,2/8/20,Red,0
21,2/9/20,Green,0
21,2/9/20,Red,0
21,2/10/20,Green,0
21,2/10/20,Red,5
21,2/11/20,Green,0
21,2/11/20,Red,5
21,2/12/20,Green,0
21,2/12/20,Red,5
21,2/13/20,Green,0
21,2/13/20,Red,5
21,2/14/20,Green,0
21,2/14/20,Red,5
21,2/15/20,Green,0
21,2/15/20,Red,5
21,2/16/20,Green,5
21,2/16/20,Red,5
21,2/17/20,Green,5
21,2/17/20,Red,10
21,2/18/20,Green,5
21,2/18/20,Red,10
21,2/19/20,Green,10
21,2/19/20,Red,10
21,2/20/20,Green,25
21,2/20/20,Red,10
21,2/21/20,Green,25
21,2/21/20,Red,10
21,2/22/20,Green,25
21,2/22/20,Red,15
21,2/23/20,Green,25
21,2/23/20,Red,15
21,2/24/20,Green,25
21,2/24/20,Red,15
21,2/25/20,Green,25
21,2/25/20,Red,15
22,1/31/20,Green,5
22,1/31/20,Red,5
22,2/4/20,Green,5
22,2/4/20,Red,5
22,2/5/20,Green,5
22,2/5/20,Red,5
22,2/6/20,Green,5
22,2/6/20,Red,5
22,2/7/20,Green,5
22,2/7/20,Red,5
22,2/8/20,Green,5
22,2/8/20,Red,5
22,2/9/20,Green,5
22,2/9/20,Red,5
22,2/10/20,Green,5
22,2/10/20,Red,5
22,2/11/20,Green,5
22,2/11/20,Red,5
22,2/12/20,Green,5
22,2/12/20,Red,5
22,2/13/20,Green,5
22,2/13/20,Red,5
22,2/14/20,Green,5
22,2/14/20,Red,5
22,2/15/20,Green,5
22,2/15/20,Red,5
22,2/16/20,Green,5
22,2/16/20,Red,5
22,2/17/20,Green,5
22,2/17/20,Red,5
22,2/18/20,Green,5
22,2/18/20,Red,5
22,2/19/20,Green,5
22,2/19/20,Red,5
22,2/20/20,Green,5
22,2/20/20,Red,5
22,2/21/20,Green,5
22,2/21/20,Red,5
22,2/22/20,Green,5
22,2/22/20,Red,5
22,2/23/20,Green,5
22,2/23/20,Red,5
22,2/24/20,Green,5
22,2/24/20,Red,5
22,2/25/20,Green,5
22,2/25/20,Red,5
23,1/31/20,Green,0
23,1/31/20,Red,5
23,2/4/20,Green,0
23,2/4/20,Red,10
23,2/5/20,Green,0
23,2/5/20,Red,15
23,2/6/20,Green,0
23,2/6/20,Red,15
23,2/7/20,Green,0
23,2/7/20,Red,15
23,2/8/20,Green,0
23,2/8/20,Red,15
23,2/9/20,Green,0
23,2/9/20,Red,15
23,2/10/20,Green,0
23,2/10/20,Red,15
23,2/11/20,Green,0
23,2/11/20,Red,15
23,2/12/20,Green,0
23,2/12/20,Red,15
23,2/13/20,Green,0
23,2/13/20,Red,15
23,2/14/20,Green,0
23,2/14/20,Red,15
23,2/15/20,Green,0
23,2/15/20,Red,15
23,2/16/20,Green,0
23,2/16/20,Red,15
23,2/17/20,Green,0
23,2/17/20,Red,15
23,2/18/20,Green,0
23,2/18/20,Red,15
23,2/19/20,Green,0
23,2/19/20,Red,15
23,2/20/20,Green,0
23,2/20/20,Red,15
23,2/21/20,Green,0
23,2/21/20,Red,15
23,2/22/20,Green,0
23,2/22/20,Red,15
23,2/23/20,Green,0
23,2/23/20,Red,15
23,2/24/20,Green,0
23,2/24/20,Red,15
23,2/25/20,Green,0
23,2/25/20,Red,15
24,1/31/20,Green,0
24,1/31/20,Red,0
24,2/4/20,Green,0
24,2/4/20,Red,5
24,2/5/20,Green,0
24,2/5/20,Red,5
24,2/6/20,Green,0
24,2/6/20,Red,5
24,2/7/20,Green,2.5
24,2/7/20,Red,5
24,2/8/20,Green,5
24,2/8/20,Red,5
24,2/9/20,Green,5
24,2/9/20,Red,5
24,2/10/20,Green,5
24,2/10/20,Red,5
24,2/11/20,Green,5
24,2/11/20,Red,5
24,2/12/20,Green,5
24,2/12/20,Red,5
24,2/13/20,Green,5
24,2/13/20,Red,5
24,2/14/20,Green,5
24,2/14/20,Red,5
24,2/15/20,Green,5
24,2/15/20,Red,5
24,2/16/20,Green,5
24,2/16/20,Red,5
24,2/17/20,Green,5
24,2/17/20,Red,5
24,2/18/20,Green,8
24,2/18/20,Red,8
24,2/19/20,Green,8
24,2/19/20,Red,10
24,2/20/20,Green,8
24,2/20/20,Red,10
24,2/21/20,Green,8
24,2/21/20,Red,10
24,2/22/20,Green,8
24,2/22/20,Red,10
24,2/23/20,Green,8
24,2/23/20,Red,10
24,2/24/20,Green,8
24,2/24/20,Red,10
24,2/25/20,Green,8
24,2/25/20,Red,10
25,1/31/20,Green,5
25,1/31/20,Red,5
25,2/4/20,Green,5
25,2/4/20,Red,10
25,2/5/20,Green,15
25,2/5/20,Red,10
25,2/6/20,Green,30
25,2/6/20,Red,10
25,2/7/20,Green,35
25,2/7/20,Red,10
25,2/8/20,Green,40
25,2/8/20,Red,10
25,2/9/20,Green,60
25,2/9/20,Red,25
25,2/10/20,Green,70
25,2/10/20,Red,40
26,1/31/20,Green,5
26,1/31/20,Red,0
26,2/4/20,Green,5
26,2/4/20,Red,10
26,2/5/20,Green,5
26,2/5/20,Red,10
26,2/6/20,Green,5
26,2/6/20,Red,10
26,2/7/20,Green,5
26,2/7/20,Red,10
26,2/8/20,Green,5
26,2/8/20,Red,10
26,2/9/20,Green,5
26,2/9/20,Red,10
26,2/10/20,Green,5
26,2/10/20,Red,10
26,2/11/20,Green,5
26,2/11/20,Red,10
26,2/12/20,Green,5
26,2/12/20,Red,10
26,2/13/20,Green,5
26,2/13/20,Red,10
26,2/14/20,Green,5
26,2/14/20,Red,10
26,2/15/20,Green,5
26,2/15/20,Red,10
26,2/16/20,Green,5
26,2/16/20,Red,10
26,2/17/20,Green,5
26,2/17/20,Red,10
26,2/18/20,Green,5
26,2/18/20,Red,10
26,2/19/20,Green,5
26,2/19/20,Red,10
26,2/20/20,Green,5
26,2/20/20,Red,10
26,2/21/20,Green,5
26,2/21/20,Red,10
26,2/22/20,Green,5
26,2/22/20,Red,10
26,2/23/20,Green,5
26,2/23/20,Red,10
26,2/24/20,Green,5
26,2/24/20,Red,10
26,2/25/20,Green,5
26,2/25/20,Red,10
27,1/31/20,Green,0
27,1/31/20,Red,0
27,2/4/20,Green,0
27,2/4/20,Red,0
27,2/5/20,Green,2.5
27,2/5/20,Red,2.5
27,2/6/20,Green,2.5
27,2/6/20,Red,2.5
27,2/7/20,Green,2.5
27,2/7/20,Red,5
27,2/8/20,Green,2.5
27,2/8/20,Red,5
27,2/9/20,Green,2.5
27,2/9/20,Red,5
27,2/10/20,Green,5
27,2/10/20,Red,5
27,2/11/20,Green,5
27,2/11/20,Red,5
27,2/12/20,Green,5
27,2/12/20,Red,5
27,2/13/20,Green,5
27,2/13/20,Red,5
27,2/14/20,Green,5
27,2/14/20,Red,5
27,2/15/20,Green,5
27,2/15/20,Red,5
27,2/16/20,Green,5
27,2/16/20,Red,5
27,2/17/20,Green,5
27,2/17/20,Red,5
27,2/18/20,Green,5
27,2/18/20,Red,5
27,2/19/20,Green,5
27,2/19/20,Red,5
27,2/20/20,Green,5
27,2/20/20,Red,5
27,2/21/20,Green,7.5
27,2/21/20,Red,5
27,2/22/20,Green,7.5
27,2/22/20,Red,5
27,2/23/20,Green,7.5
27,2/23/20,Red,5
27,2/24/20,Green,7.5
27,2/24/20,Red,5
27,2/25/20,Green,7.5
27,2/25/20,Red,5
28,1/31/20,Green,0
28,1/31/20,Red,0
28,2/4/20,Green,30
28,2/4/20,Red,25
28,2/5/20,Green,30
28,2/5/20,Red,25
28,2/6/20,Green,35
28,2/6/20,Red,30
28,2/7/20,Green,35
28,2/7/20,Red,30
28,2/8/20,Green,35
28,2/8/20,Red,30
28,2/9/20,Green,35
28,2/9/20,Red,30
28,2/10/20,Green,35
28,2/10/20,Red,30
28,2/11/20,Green,35
28,2/11/20,Red,30
28,2/12/20,Green,35
28,2/12/20,Red,30
28,2/13/20,Green,35
28,2/13/20,Red,30
28,2/14/20,Green,35
28,2/14/20,Red,30
28,2/15/20,Green,35
28,2/15/20,Red,30
28,2/16/20,Green,35
28,2/16/20,Red,30
28,2/17/20,Green,35
28,2/17/20,Red,30
28,2/18/20,Green,35
28,2/18/20,Red,30
28,2/19/20,Green,35
28,2/19/20,Red,30
28,2/20/20,Green,35
28,2/20/20,Red,30
28,2/21/20,Green,35
28,2/21/20,Red,30
28,2/22/20,Green,35
28,2/22/20,Red,30
28,2/23/20,Green,35
28,2/23/20,Red,30
28,2/24/20,Green,35
28,2/24/20,Red,30
28,2/25/20,Green,35
28,2/25/20,Red,30
29,1/31/20,Green,0
29,1/31/20,Red,5
29,2/4/20,Green,0
29,2/4/20,Red,7.5
29,2/5/20,Green,5
29,2/5/20,Red,7.5
29,2/6/20,Green,5
29,2/6/20,Red,7.5
29,2/7/20,Green,5
29,2/7/20,Red,7.5
29,2/8/20,Green,5
29,2/8/20,Red,7.5
29,2/9/20,Green,5
29,2/9/20,Red,7.5
29,2/10/20,Green,5
29,2/10/20,Red,7.5
29,2/11/20,Green,5
29,2/11/20,Red,7.5
29,2/12/20,Green,5
29,2/12/20,Red,7.5
29,2/13/20,Green,7.5
29,2/13/20,Red,7.5
29,2/14/20,Green,7.5
29,2/14/20,Red,7.5
29,2/15/20,Green,7.5
29,2/15/20,Red,10
29,2/16/20,Green,7.5
29,2/16/20,Red,10
29,2/17/20,Green,7.5
29,2/17/20,Red,10
30,1/31/20,Green,0
30,1/31/20,Red,0
30,2/4/20,Green,25
30,2/4/20,Red,15
30,2/5/20,Green,30
30,2/5/20,Red,15
30,2/6/20,Green,30
30,2/6/20,Red,25
30,2/7/20,Green,30
30,2/7/20,Red,30
30,2/8/20,Green,30
30,2/8/20,Red,35
30,2/9/20,Green,40
30,2/9/20,Red,35
30,2/10/20,Green,55
30,2/10/20,Red,45
31,1/31/20,Green,0
31,1/31/20,Red,0
31,2/4/20,Green,0
31,2/4/20,Red,0
31,2/5/20,Green,0
31,2/5/20,Red,0
31,2/6/20,Green,0
31,2/6/20,Red,0
31,2/7/20,Green,0
31,2/7/20,Red,0
31,2/8/20,Green,0
31,2/8/20,Red,0
31,2/9/20,Green,0
31,2/9/20,Red,0
31,2/10/20,Green,0
31,2/10/20,Red,0
31,2/11/20,Green,0
31,2/11/20,Red,0
31,2/12/20,Green,0
31,2/12/20,Red,0
31,2/13/20,Green,0
31,2/13/20,Red,0
31,2/14/20,Green,0
31,2/14/20,Red,0
31,2/15/20,Green,0
31,2/15/20,Red,0
31,2/16/20,Green,0
31,2/16/20,Red,0
31,2/17/20,Green,0
31,2/17/20,Red,0
31,2/18/20,Green,0
31,2/18/20,Red,0
31,2/19/20,Green,0
31,2/19/20,Red,0
31,2/20/20,Green,0
31,2/20/20,Red,0
31,2/21/20,Green,0
31,2/21/20,Red,0
31,2/22/20,Green,0
31,2/22/20,Red,0
31,2/23/20,Green,0
31,2/23/20,Red,0
31,2/24/20,Green,0
31,2/24/20,Red,0
31,2/25/20,Green,0
31,2/25/20,Red,0
32,1/31/20,Green,0
32,1/31/20,Red,0
32,2/4/20,Green,2.5
32,2/4/20,Red,0
32,2/5/20,Green,15
32,2/5/20,Red,15
32,2/6/20,Green,20
32,2/6/20,Red,20
32,2/7/20,Green,15
32,2/7/20,Red,35
32,2/8/20,Green,20
32,2/8/20,Red,35
32,2/9/20,Green,20
32,2/9/20,Red,35
32,2/10/20,Green,25
32,2/10/20,Red,35
32,2/11/20,Green,25
32,2/11/20,Red,35
32,2/12/20,Green,30
32,2/12/20,Red,35
32,2/13/20,Green,30
32,2/13/20,Red,35
32,2/14/20,Green,30
32,2/14/20,Red,40
32,2/15/20,Green,35
32,2/15/20,Red,40
32,2/16/20,Green,35
32,2/16/20,Red,40
32,2/17/20,Green,35
32,2/17/20,Red,40
32,2/18/20,Green,35
32,2/18/20,Red,40
32,2/19/20,Green,35
32,2/19/20,Red,40
32,2/20/20,Green,35
32,2/20/20,Red,40
32,2/21/20,Green,35
32,2/21/20,Red,40
32,2/22/20,Green,35
32,2/22/20,Red,40
32,2/23/20,Green,35
32,2/23/20,Red,40
32,2/24/20,Green,35
32,2/24/20,Red,40
32,2/25/20,Green,35
32,2/25/20,Red,45
33,1/31/20,Green,0
33,1/31/20,Red,0
33,2/4/20,Green,15
33,2/4/20,Red,0
33,2/5/20,Green,15
33,2/5/20,Red,20
33,2/6/20,Green,15
33,2/6/20,Red,25
33,2/7/20,Green,30
33,2/7/20,Red,30
33,2/8/20,Green,35
33,2/8/20,Red,30
33,2/9/20,Green,45
33,2/9/20,Red,30
33,2/10/20,Green,80
33,2/10/20,Red,30
34,1/31/20,Green,0
34,1/31/20,Red,0
34,2/4/20,Green,0
34,2/4/20,Red,0
34,2/5/20,Green,0
34,2/5/20,Red,7.5
34,2/6/20,Green,0
34,2/6/20,Red,7.5
34,2/7/20,Green,0
34,2/7/20,Red,7.5
34,2/8/20,Green,0
34,2/8/20,Red,7.5
34,2/9/20,Green,0
34,2/9/20,Red,7.5
34,2/10/20,Green,0
34,2/10/20,Red,7.5
34,2/11/20,Green,0
34,2/11/20,Red,7.5
34,2/12/20,Green,0
34,2/12/20,Red,7.5
34,2/13/20,Green,0
34,2/13/20,Red,7.5
34,2/14/20,Green,0
34,2/14/20,Red,7.5
34,2/15/20,Green,0
34,2/15/20,Red,7.5
34,2/16/20,Green,0
34,2/16/20,Red,15
34,2/17/20,Green,0
34,2/17/20,Red,15
34,2/18/20,Green,0
34,2/18/20,Red,15
34,2/19/20,Green,0
34,2/19/20,Red,15
34,2/20/20,Green,0
34,2/20/20,Red,15
34,2/21/20,Green,0
34,2/21/20,Red,15
34,2/22/20,Green,0
34,2/22/20,Red,15
34,2/23/20,Green,0
34,2/23/20,Red,15
34,2/24/20,Green,0
34,2/24/20,Red,15
34,2/25/20,Green,0
34,2/25/20,Red,15
35,1/31/20,Green,0
35,1/31/20,Red,0
35,2/4/20,Green,0
35,2/4/20,Red,15
35,2/5/20,Green,5
35,2/5/20,Red,45
35,2/6/20,Green,33
35,2/6/20,Red,50
35,2/7/20,Green,45
35,2/7/20,Red,52.5
36,1/31/20,Green,0
36,1/31/20,Red,0
36,2/4/20,Green,2.5
36,2/4/20,Red,5
36,2/5/20,Green,2.5
36,2/5/20,Red,20
36,2/6/20,Green,2.5
36,2/6/20,Red,20
36,2/7/20,Green,2.5
36,2/7/20,Red,20
36,2/8/20,Green,2.5
36,2/8/20,Red,20
36,2/9/20,Green,2.5
36,2/9/20,Red,20
36,2/10/20,Green,2.5
36,2/10/20,Red,20
36,2/11/20,Green,2.5
36,2/11/20,Red,20
36,2/12/20,Green,2.5
36,2/12/20,Red,20
36,2/13/20,Green,2.5
36,2/13/20,Red,20
36,2/14/20,Green,2.5
36,2/14/20,Red,20
36,2/15/20,Green,2.5
36,2/15/20,Red,20
36,2/16/20,Green,2.5
36,2/16/20,Red,20
36,2/17/20,Green,2.5
36,2/17/20,Red,20
36,2/18/20,Green,2.5
36,2/18/20,Red,20
36,2/19/20,Green,2.5
36,2/19/20,Red,20
36,2/20/20,Green,2.5
36,2/20/20,Red,20
36,2/21/20,Green,2.5
36,2/21/20,Red,20
36,2/22/20,Green,2.5
36,2/22/20,Red,25
36,2/23/20,Green,2.5
36,2/23/20,Red,25
36,2/24/20,Green,2.5
36,2/24/20,Red,25
36,2/25/20,Green,2.5
36,2/25/20,Red,25
37,1/31/20,Green,0
37,1/31/20,Red,0
37,2/4/20,Green,0
37,2/4/20,Red,0
37,2/5/20,Green,35
37,2/5/20,Red,0
37,2/6/20,Green,35
37,2/6/20,Red,0
37,2/7/20,Green,40
37,2/7/20,Red,30
37,2/8/20,Green,40
37,2/8/20,Red,35
37,2/9/20,Green,40
37,2/9/20,Red,35
37,2/10/20,Green,40
37,2/10/20,Red,35
37,2/11/20,Green,40
37,2/11/20,Red,35
37,2/12/20,Green,50
37,2/12/20,Red,35
37,2/13/20,Green,50
37,2/13/20,Red,35
37,2/14/20,Green,50
37,2/14/20,Red,35
37,2/15/20,Green,50
37,2/15/20,Red,35
37,2/16/20,Green,50
37,2/16/20,Red,35
37,2/17/20,Green,50
37,2/17/20,Red,35
37,2/18/20,Green,50
37,2/18/20,Red,35
37,2/19/20,Green,50
37,2/19/20,Red,35
37,2/20/20,Green,50
37,2/20/20,Red,35
37,2/21/20,Green,50
37,2/21/20,Red,35
37,2/22/20,Green,55
37,2/22/20,Red,35
37,2/23/20,Green,80
37,2/23/20,Red,80
38,1/31/20,Green,0
38,1/31/20,Red,0
38,2/4/20,Green,15
38,2/4/20,Red,0
38,2/5/20,Green,40
38,2/5/20,Red,10
38,2/6/20,Green,45
38,2/6/20,Red,25
38,2/7/20,Green,45
38,2/7/20,Red,25
38,2/8/20,Green,45
38,2/8/20,Red,25
38,2/9/20,Green,45
38,2/9/20,Red,25
38,2/10/20,Green,45
38,2/10/20,Red,30
38,2/11/20,Green,45
38,2/11/20,Red,30
38,2/12/20,Green,45
38,2/12/20,Red,30
38,2/13/20,Green,45
38,2/13/20,Red,30
38,2/14/20,Green,45
38,2/14/20,Red,30
38,2/15/20,Green,45
38,2/15/20,Red,30
38,2/16/20,Green,45
38,2/16/20,Red,30
38,2/17/20,Green,45
38,2/17/20,Red,30
38,2/18/20,Green,45
38,2/18/20,Red,30
38,2/19/20,Green,65
38,2/19/20,Red,40
39,1/31/20,Green,5
39,1/31/20,Red,5
39,2/4/20,Green,15
39,2/4/20,Red,5
39,2/5/20,Green,15
39,2/5/20,Red,15
39,2/6/20,Green,15
39,2/6/20,Red,20
39,2/7/20,Green,15
39,2/7/20,Red,25
39,2/8/20,Green,30
39,2/8/20,Red,30
39,2/9/20,Green,30
39,2/9/20,Red,30
39,2/10/20,Green,30
39,2/10/20,Red,40
39,2/11/20,Green,30
39,2/11/20,Red,40
39,2/12/20,Green,30
39,2/12/20,Red,40
39,2/13/20,Green,30
39,2/13/20,Red,40
39,2/14/20,Green,30
39,2/14/20,Red,40
39,2/15/20,Green,30
39,2/15/20,Red,50
39,2/16/20,Green,30
39,2/16/20,Red,60
39,2/17/20,Green,30
39,2/17/20,Red,70
39,2/18/20,Green,30
39,2/18/20,Red,70
39,2/19/20,Green,45
39,2/19/20,Red,80
40,1/31/20,Green,0
40,1/31/20,Red,0
40,2/4/20,Green,20
40,2/4/20,Red,0
40,2/5/20,Green,25
40,2/5/20,Red,25
40,2/6/20,Green,25
40,2/6/20,Red,30
40,2/7/20,Green,25
40,2/7/20,Red,30
40,2/8/20,Green,25
40,2/8/20,Red,30
40,2/9/20,Green,25
40,2/9/20,Red,30
40,2/10/20,Green,25
40,2/10/20,Red,30
40,2/11/20,Green,25
40,2/11/20,Red,30
40,2/12/20,Green,25
40,2/12/20,Red,30
40,2/13/20,Green,25
40,2/13/20,Red,30
40,2/14/20,Green,25
40,2/14/20,Red,30
40,2/15/20,Green,25
40,2/15/20,Red,30
40,2/16/20,Green,25
40,2/16/20,Red,30
40,2/17/20,Green,25
40,2/17/20,Red,30
40,2/18/20,Green,25
40,2/18/20,Red,30
40,2/19/20,Green,25
40,2/19/20,Red,30
40,2/20/20,Green,25
40,2/20/20,Red,30
40,2/21/20,Green,25
40,2/21/20,Red,30
40,2/22/20,Green,25
40,2/22/20,Red,30
40,2/23/20,Green,25
40,2/23/20,Red,30
40,2/24/20,Green,25
40,2/24/20,Red,30
40,2/25/20,Green,25
40,2/25/20,Red,30
41,1/31/20,Green,0
41,1/31/20,Red,0
41,2/4/20,Green,0
41,2/4/20,Red,0
41,2/5/20,Green,0
41,2/5/20,Red,10
41,2/6/20,Green,55
41,2/6/20,Red,35
41,2/7/20,Green,100
41,2/7/20,Red,90
42,1/31/20,Green,0
42,1/31/20,Red,5
42,2/4/20,Green,10
42,2/4/20,Red,8
42,2/5/20,Green,20
42,2/5/20,Red,33
42,2/6/20,Green,45
42,2/6/20,Red,75
43,1/31/20,Green,0
43,1/31/20,Red,0
43,2/4/20,Green,0
43,2/4/20,Red,5
43,2/5/20,Green,0
43,2/5/20,Red,5
43,2/6/20,Green,0
43,2/6/20,Red,10
43,2/7/20,Green,45
43,2/7/20,Red,45
43,2/8/20,Green,45
43,2/8/20,Red,50
43,2/9/20,Green,70
43,2/9/20,Red,70
44,1/31/20,Green,0
44,1/31/20,Red,0
44,2/4/20,Green,0
44,2/4/20,Red,5
44,2/5/20,Green,0
44,2/5/20,Red,5
44,2/6/20,Green,0
44,2/6/20,Red,5
44,2/7/20,Green,0
44,2/7/20,Red,5
44,2/8/20,Green,0
44,2/8/20,Red,5
44,2/9/20,Green,0
44,2/9/20,Red,5
44,2/10/20,Green,0
44,2/10/20,Red,5
44,2/11/20,Green,0
44,2/11/20,Red,5
44,2/12/20,Green,0
44,2/12/20,Red,5
44,2/13/20,Green,0
44,2/13/20,Red,5
44,2/14/20,Green,0
44,2/14/20,Red,5
44,2/15/20,Green,0
44,2/15/20,Red,5
44,2/16/20,Green,0
44,2/16/20,Red,5
44,2/17/20,Green,0
44,2/17/20,Red,5
44,2/18/20,Green,0
44,2/18/20,Red,5
44,2/19/20,Green,0
44,2/19/20,Red,5
44,2/20/20,Green,0
44,2/20/20,Red,5
44,2/21/20,Green,0
44,2/21/20,Red,5
44,2/22/20,Green,0
44,2/22/20,Red,5
44,2/23/20,Green,0
44,2/23/20,Red,5
44,2/24/20,Green,0
44,2/24/20,Red,5
44,2/25/20,Green,0
44,2/25/20,Red,5
45,1/31/20,Green,0
45,1/31/20,Red,0
45,2/4/20,Green,0
45,2/4/20,Red,5
45,2/5/20,Green,0
45,2/5/20,Red,5
45,2/6/20,Green,0
45,2/6/20,Red,5
45,2/7/20,Green,0
45,2/7/20,Red,5
45,2/8/20,Green,0
45,2/8/20,Red,5
45,2/9/20,Green,0
45,2/9/20,Red,5
45,2/10/20,Green,0
45,2/10/20,Red,5
45,2/11/20,Green,0
45,2/11/20,Red,5
45,2/12/20,Green,0
45,2/12/20,Red,5
45,2/13/20,Green,0
45,2/13/20,Red,5
45,2/14/20,Green,0
45,2/14/20,Red,5
45,2/15/20,Green,0
45,2/15/20,Red,5
45,2/16/20,Green,0
45,2/16/20,Red,5
45,2/17/20,Green,0
45,2/17/20,Red,5
45,2/18/20,Green,0
45,2/18/20,Red,5
45,2/19/20,Green,0
45,2/19/20,Red,5
45,2/20/20,Green,65
45,2/20/20,Red,50
46,1/31/20,Green,5
46,1/31/20,Red,0
46,2/4/20,Green,10
46,2/4/20,Red,0
46,2/5/20,Green,10
46,2/5/20,Red,0
46,2/6/20,Green,10
46,2/6/20,Red,0
46,2/7/20,Green,10
46,2/7/20,Red,0
46,2/8/20,Green,10
46,2/8/20,Red,0
46,2/9/20,Green,10
46,2/9/20,Red,0
46,2/10/20,Green,10
46,2/10/20,Red,0
46,2/11/20,Green,10
46,2/11/20,Red,0
46,2/12/20,Green,10
46,2/12/20,Red,0
46,2/13/20,Green,10
46,2/13/20,Red,0
46,2/14/20,Green,20
46,2/14/20,Red,0
46,2/15/20,Green,20
46,2/15/20,Red,0
46,2/16/20,Green,25
46,2/16/20,Red,0
46,2/17/20,Green,25
46,2/17/20,Red,5
46,2/18/20,Green,30
46,2/18/20,Red,10
46,2/19/20,Green,30
46,2/19/20,Red,15
46,2/20/20,Green,40
46,2/20/20,Red,25
46,2/21/20,Green,50
46,2/21/20,Red,40
46,2/22/20,Green,55
46,2/22/20,Red,45
47,1/31/20,Green,0
47,1/31/20,Red,0
47,2/4/20,Green,0
47,2/4/20,Red,0
47,2/5/20,Green,0
47,2/5/20,Red,0
47,2/6/20,Green,0
47,2/6/20,Red,0
47,2/7/20,Green,0
47,2/7/20,Red,0
47,2/8/20,Green,0
47,2/8/20,Red,0
47,2/9/20,Green,0
47,2/9/20,Red,0
47,2/10/20,Green,0
47,2/10/20,Red,0
47,2/11/20,Green,0
47,2/11/20,Red,0
47,2/12/20,Green,0
47,2/12/20,Red,0
47,2/13/20,Green,0
47,2/13/20,Red,0
47,2/14/20,Green,0
47,2/14/20,Red,0
47,2/15/20,Green,0
47,2/15/20,Red,0
47,2/16/20,Green,0
47,2/16/20,Red,0
47,2/17/20,Green,0
47,2/17/20,Red,0
47,2/18/20,Green,0
47,2/18/20,Red,0
47,2/19/20,Green,0
47,2/19/20,Red,0
47,2/20/20,Green,2.5
47,2/20/20,Red,0
47,2/21/20,Green,2.5
47,2/21/20,Red,0
47,2/22/20,Green,2.5
47,2/22/20,Red,0
47,2/23/20,Green,2.5
47,2/23/20,Red,0
47,2/24/20,Green,2.5
47,2/24/20,Red,0
47,2/25/20,Green,2.5
47,2/25/20,Red,0
48,1/31/20,Green,0
48,1/31/20,Red,0
48,2/4/20,Green,30
48,2/4/20,Red,5
48,2/5/20,Green,30
48,2/5/20,Red,10
48,2/6/20,Green,30
48,2/6/20,Red,10
48,2/7/20,Green,30
48,2/7/20,Red,10
48,2/8/20,Green,30
48,2/8/20,Red,10
48,2/9/20,Green,30
48,2/9/20,Red,10
48,2/10/20,Green,30
48,2/10/20,Red,10
48,2/11/20,Green,30
48,2/11/20,Red,10
48,2/12/20,Green,30
48,2/12/20,Red,10
48,2/13/20,Green,30
48,2/13/20,Red,10
48,2/14/20,Green,30
48,2/14/20,Red,10
48,2/15/20,Green,30
48,2/15/20,Red,10
48,2/16/20,Green,30
48,2/16/20,Red,10
48,2/17/20,Green,30
48,2/17/20,Red,10
48,2/18/20,Green,35
48,2/18/20,Red,10
48,2/19/20,Green,35
48,2/19/20,Red,10
48,2/20/20,Green,35
48,2/20/20,Red,10
48,2/21/20,Green,35
48,2/21/20,Red,10
48,2/22/20,Green,35
48,2/22/20,Red,10
48,2/23/20,Green,35
48,2/23/20,Red,10
48,2/24/20,Green,35
48,2/24/20,Red,10
48,2/25/20,Green,35
48,2/25/20,Red,10
49,1/31/20,Green,0
49,1/31/20,Red,0
49,2/4/20,Green,0
49,2/4/20,Red,0
49,2/5/20,Green,0
49,2/5/20,Red,15
49,2/6/20,Green,5
49,2/6/20,Red,15
49,2/7/20,Green,5
49,2/7/20,Red,20
49,2/8/20,Green,5
49,2/8/20,Red,20
49,2/9/20,Green,5
49,2/9/20,Red,20
49,2/10/20,Green,5
49,2/10/20,Red,20
49,2/11/20,Green,5
49,2/11/20,Red,20
49,2/12/20,Green,5
49,2/12/20,Red,20
49,2/13/20,Green,5
49,2/13/20,Red,20
49,2/14/20,Green,5
49,2/14/20,Red,20
49,2/15/20,Green,5
49,2/15/20,Red,20
49,2/16/20,Green,5
49,2/16/20,Red,20
49,2/17/20,Green,5
49,2/17/20,Red,20
49,2/18/20,Green,5
49,2/18/20,Red,20
49,2/19/20,Green,5
49,2/19/20,Red,20
49,2/20/20,Green,5
49,2/20/20,Red,25
49,2/21/20,Green,8
49,2/21/20,Red,25
49,2/22/20,Green,8
49,2/22/20,Red,25
49,2/23/20,Green,8
49,2/23/20,Red,25
49,2/24/20,Green,8
49,2/24/20,Red,25
49,2/25/20,Green,8
49,2/25/20,Red,25
50,1/31/20,Green,0
50,1/31/20,Red,0
50,2/4/20,Green,8
50,2/4/20,Red,5
50,2/5/20,Green,8
50,2/5/20,Red,5
50,2/6/20,Green,8
50,2/6/20,Red,5
50,2/7/20,Green,8
50,2/7/20,Red,5
50,2/8/20,Green,8
50,2/8/20,Red,5
50,2/9/20,Green,8
50,2/9/20,Red,5
50,2/10/20,Green,8
50,2/10/20,Red,5
50,2/11/20,Green,8
50,2/11/20,Red,5
50,2/12/20,Green,8
50,2/12/20,Red,5
50,2/13/20,Green,8
50,2/13/20,Red,5
50,2/14/20,Green,8
50,2/14/20,Red,5
50,2/15/20,Green,8
50,2/15/20,Red,5
50,2/16/20,Green,8
50,2/16/20,Red,5
50,2/17/20,Green,8
50,2/17/20,Red,5
50,2/18/20,Green,8
50,2/18/20,Red,5
50,2/19/20,Green,8
50,2/19/20,Red,5
50,2/20/20,Green,8
50,2/20/20,Red,5
50,2/21/20,Green,8
50,2/21/20,Red,5
50,2/22/20,Green,8
50,2/22/20,Red,5
50,2/23/20,Green,8
50,2/23/20,Red,5
50,2/24/20,Green,8
50,2/24/20,Red,5
50,2/25/20,Green,8
50,2/25/20,Red,5
51,1/31/20,Green,0
51,1/31/20,Red,0
51,2/4/20,Green,0
51,2/4/20,Red,0
51,2/5/20,Green,0
51,2/5/20,Red,15
51,2/6/20,Green,0
51,2/6/20,Red,15
51,2/7/20,Green,0
51,2/7/20,Red,15
51,2/8/20,Green,0
51,2/8/20,Red,15
51,2/9/20,Green,0
51,2/9/20,Red,15
51,2/10/20,Green,0
51,2/10/20,Red,15
51,2/11/20,Green,0
51,2/11/20,Red,15
51,2/12/20,Green,0
51,2/12/20,Red,15
51,2/13/20,Green,0
51,2/13/20,Red,15
51,2/14/20,Green,0
51,2/14/20,Red,15
51,2/15/20,Green,0
51,2/15/20,Red,15
51,2/16/20,Green,0
51,2/16/20,Red,15
51,2/17/20,Green,0
51,2/17/20,Red,15
51,2/18/20,Green,0
51,2/18/20,Red,15
51,2/19/20,Green,0
51,2/19/20,Red,15
51,2/20/20,Green,0
51,2/20/20,Red,15
51,2/21/20,Green,0
51,2/21/20,Red,15
51,2/22/20,Green,0
51,2/22/20,Red,15
51,2/23/20,Green,0
51,2/23/20,Red,15
51,2/24/20,Green,0
51,2/24/20,Red,15
51,2/25/20,Green,0
51,2/25/20,Red,15
52,1/31/20,Green,0
52,1/31/20,Red,0
52,2/4/20,Green,20
52,2/4/20,Red,10
52,2/5/20,Green,25
52,2/5/20,Red,15
52,2/6/20,Green,30
52,2/6/20,Red,20
52,2/7/20,Green,45
52,2/7/20,Red,40
53,1/31/20,Green,0
53,1/31/20,Red,0
53,2/4/20,Green,0
53,2/4/20,Red,0
53,2/5/20,Green,0
53,2/5/20,Red,25
53,2/6/20,Green,0
53,2/6/20,Red,25
53,2/7/20,Green,0
53,2/7/20,Red,25
53,2/8/20,Green,0
53,2/8/20,Red,25
53,2/9/20,Green,0
53,2/9/20,Red,25
53,2/10/20,Green,0
53,2/10/20,Red,25
53,2/11/20,Green,0
53,2/11/20,Red,25
53,2/12/20,Green,0
53,2/12/20,Red,25
53,2/13/20,Green,0
53,2/13/20,Red,25
53,2/14/20,Green,0
53,2/14/20,Red,25
53,2/15/20,Green,0
53,2/15/20,Red,25
53,2/16/20,Green,0
53,2/16/20,Red,25
53,2/17/20,Green,0
53,2/17/20,Red,25
53,2/18/20,Green,0
53,2/18/20,Red,25
53,2/19/20,Green,0
53,2/19/20,Red,25
53,2/20/20,Green,0
53,2/20/20,Red,25
53,2/21/20,Green,0
53,2/21/20,Red,25
53,2/22/20,Green,0
53,2/22/20,Red,25
53,2/23/20,Green,0
53,2/23/20,Red,25
53,2/24/20,Green,0
53,2/24/20,Red,25
53,2/25/20,Green,0
53,2/25/20,Red,25
54,1/31/20,Green,0
54,1/31/20,Red,0
54,2/4/20,Green,0
54,2/4/20,Red,0
54,2/5/20,Green,0
54,2/5/20,Red,30
54,2/6/20,Green,85
54,2/6/20,Red,70
55,1/31/20,Green,0
55,1/31/20,Red,0
55,2/4/20,Green,2.5
55,2/4/20,Red,5
55,2/5/20,Green,5
55,2/5/20,Red,10
55,2/6/20,Green,65
55,2/6/20,Red,25
55,2/7/20,Green,100
55,2/7/20,Red,90
56,1/31/20,Green,0
56,1/31/20,Red,5
56,2/4/20,Green,5
56,2/4/20,Red,5
56,2/5/20,Green,5
56,2/5/20,Red,40
56,2/6/20,Green,70
56,2/6/20,Red,75
57,1/31/20,Green,5
57,1/31/20,Red,0
57,2/4/20,Green,5
57,2/4/20,Red,0
57,2/5/20,Green,5
57,2/5/20,Red,25
57,2/6/20,Green,15
57,2/6/20,Red,25
57,2/7/20,Green,45
57,2/7/20,Red,30
58,1/31/20,Green,0
58,1/31/20,Red,10
58,2/4/20,Green,0
58,2/4/20,Red,15
58,2/5/20,Green,15
58,2/5/20,Red,30
58,2/6/20,Green,25
58,2/6/20,Red,30
58,2/7/20,Green,25
58,2/7/20,Red,30
58,2/8/20,Green,25
58,2/8/20,Red,30
58,2/9/20,Green,25
58,2/9/20,Red,30
58,2/10/20,Green,25
58,2/10/20,Red,30
58,2/11/20,Green,25
58,2/11/20,Red,30
58,2/12/20,Green,25
58,2/12/20,Red,30
58,2/13/20,Green,25
58,2/13/20,Red,30
58,2/14/20,Green,25
58,2/14/20,Red,30
58,2/15/20,Green,25
58,2/15/20,Red,35
58,2/16/20,Green,25
58,2/16/20,Red,40
58,2/17/20,Green,25
58,2/17/20,Red,40
58,2/18/20,Green,25
58,2/18/20,Red,40
58,2/19/20,Green,25
58,2/19/20,Red,40
58,2/20/20,Green,25
58,2/20/20,Red,40
58,2/21/20,Green,25
58,2/21/20,Red,40
58,2/22/20,Green,25
58,2/22/20,Red,40
58,2/23/20,Green,25
58,2/23/20,Red,40
58,2/24/20,Green,25
58,2/24/20,Red,40
58,2/25/20,Green,25
58,2/25/20,Red,40
59,1/31/20,Green,0
59,1/31/20,Red,0
59,2/4/20,Green,0
59,2/4/20,Red,0
59,2/5/20,Green,0
59,2/5/20,Red,5
59,2/6/20,Green,5
59,2/6/20,Red,5
59,2/7/20,Green,10
59,2/7/20,Red,5
59,2/8/20,Green,15
59,2/8/20,Red,5
59,2/9/20,Green,15
59,2/9/20,Red,5
59,2/10/20,Green,15
59,2/10/20,Red,5
59,2/11/20,Green,15
59,2/11/20,Red,5
59,2/12/20,Green,15
59,2/12/20,Red,5
59,2/13/20,Green,15
59,2/13/20,Red,5
59,2/14/20,Green,15
59,2/14/20,Red,5
59,2/15/20,Green,15
59,2/15/20,Red,5
59,2/16/20,Green,20
59,2/16/20,Red,10
59,2/17/20,Green,20
59,2/17/20,Red,10
59,2/18/20,Green,20
59,2/18/20,Red,10
59,2/19/20,Green,25
59,2/19/20,Red,15
59,2/20/20,Green,30
59,2/20/20,Red,15
59,2/21/20,Green,40
59,2/21/20,Red,20
59,2/22/20,Green,85
59,2/22/20,Red,80
60,1/31/20,Green,0
60,1/31/20,Red,0
60,2/4/20,Green,0
60,2/4/20,Red,5
60,2/5/20,Green,0
60,2/5/20,Red,5
60,2/6/20,Green,0
60,2/6/20,Red,5
60,2/7/20,Green,0
60,2/7/20,Red,5
60,2/8/20,Green,0
60,2/8/20,Red,5
60,2/9/20,Green,0
60,2/9/20,Red,5
60,2/10/20,Green,0
60,2/10/20,Red,5
60,2/11/20,Green,0
60,2/11/20,Red,5
60,2/12/20,Green,0
60,2/12/20,Red,5
60,2/13/20,Green,0
60,2/13/20,Red,5
60,2/14/20,Green,0
60,2/14/20,Red,5
60,2/15/20,Green,0
60,2/15/20,Red,5
60,2/16/20,Green,0
60,2/16/20,Red,5
60,2/17/20,Green,0
60,2/17/20,Red,5
60,2/18/20,Green,0
60,2/18/20,Red,5
60,2/19/20,Green,0
60,2/19/20,Red,5
60,2/20/20,Green,0
60,2/20/20,Red,5
60,2/21/20,Green,0
60,2/21/20,Red,5
60,2/22/20,Green,0
60,2/22/20,Red,5
60,2/23/20,Green,0
60,2/23/20,Red,5
60,2/24/20,Green,0
60,2/24/20,Red,5
60,2/25/20,Green,0
60,2/25/20,Red,5
61,1/31/20,Green,0
61,1/31/20,Red,0
61,2/4/20,Green,25
61,2/4/20,Red,8
61,2/5/20,Green,40
61,2/5/20,Red,35
61,2/6/20,Green,80
61,2/6/20,Red,60
62,1/31/20,Green,0
62,1/31/20,Red,5
62,2/4/20,Green,0
62,2/4/20,Red,5
62,2/5/20,Green,0
62,2/5/20,Red,5
62,2/6/20,Green,0
62,2/6/20,Red,5
62,2/7/20,Green,0
62,2/7/20,Red,5
62,2/8/20,Green,0
62,2/8/20,Red,5
62,2/9/20,Green,0
62,2/9/20,Red,5
62,2/10/20,Green,0
62,2/10/20,Red,5
62,2/11/20,Green,0
62,2/11/20,Red,5
62,2/12/20,Green,5
62,2/12/20,Red,5
62,2/13/20,Green,5
62,2/13/20,Red,5
62,2/14/20,Green,5
62,2/14/20,Red,5
62,2/15/20,Green,5
62,2/15/20,Red,5
62,2/16/20,Green,5
62,2/16/20,Red,5
62,2/17/20,Green,5
62,2/17/20,Red,5
62,2/18/20,Green,5
62,2/18/20,Red,5
62,2/19/20,Green,5
62,2/19/20,Red,5
62,2/20/20,Green,10
62,2/20/20,Red,10
62,2/21/20,Green,10
62,2/21/20,Red,10
62,2/22/20,Green,15
62,2/22/20,Red,10
62,2/23/20,Green,15
62,2/23/20,Red,10
62,2/24/20,Green,15
62,2/24/20,Red,10
62,2/25/20,Green,15
62,2/25/20,Red,10
63,1/31/20,Green,0
63,1/31/20,Red,5
63,2/4/20,Green,10
63,2/4/20,Red,5
63,2/5/20,Green,25
63,2/5/20,Red,33
63,2/6/20,Green,40
63,2/6/20,Red,35
63,2/7/20,Green,60
63,2/7/20,Red,35
63,2/8/20,Green,75
63,2/8/20,Red,70
64,1/31/20,Green,0
64,1/31/20,Red,0
64,2/4/20,Green,0
64,2/4/20,Red,0
64,2/5/20,Green,0
64,2/5/20,Red,5
64,2/6/20,Green,0
64,2/6/20,Red,6
64,2/7/20,Green,0
64,2/7/20,Red,7
64,2/8/20,Green,0
64,2/8/20,Red,8
64,2/9/20,Green,0
64,2/9/20,Red,9
64,2/10/20,Green,0
64,2/10/20,Red,10
64,2/11/20,Green,0
64,2/11/20,Red,10
64,2/12/20,Green,0
64,2/12/20,Red,10
64,2/13/20,Green,0
64,2/13/20,Red,10
64,2/14/20,Green,0
64,2/14/20,Red,10
64,2/15/20,Green,0
64,2/15/20,Red,10
64,2/16/20,Green,0
64,2/16/20,Red,10
64,2/17/20,Green,0
64,2/17/20,Red,10
64,2/18/20,Green,0
64,2/18/20,Red,10
64,2/19/20,Green,0
64,2/19/20,Red,10
64,2/20/20,Green,0
64,2/20/20,Red,10
64,2/21/20,Green,0
64,2/21/20,Red,10
64,2/22/20,Green,0
64,2/22/20,Red,10
64,2/23/20,Green,0
64,2/23/20,Red,10
64,2/24/20,Green,0
64,2/24/20,Red,10
64,2/25/20,Green,0
64,2/25/20,Red,10
65,1/31/20,Green,0
65,1/31/20,Red,0
65,2/4/20,Green,0
65,2/4/20,Red,0
65,2/5/20,Green,0
65,2/5/20,Red,0
65,2/6/20,Green,0
65,2/6/20,Red,0
65,2/7/20,Green,0
65,2/7/20,Red,0
65,2/8/20,Green,0
65,2/8/20,Red,0
65,2/9/20,Green,0
65,2/9/20,Red,0
65,2/10/20,Green,0
65,2/10/20,Red,0
65,2/11/20,Green,0
65,2/11/20,Red,0
65,2/12/20,Green,0
65,2/12/20,Red,0
65,2/13/20,Green,0
65,2/13/20,Red,0
65,2/14/20,Green,0
65,2/14/20,Red,0
65,2/15/20,Green,0
65,2/15/20,Red,0
65,2/16/20,Green,0
65,2/16/20,Red,0
65,2/17/20,Green,0
65,2/17/20,Red,0
65,2/18/20,Green,0
65,2/18/20,Red,0
65,2/19/20,Green,0
65,2/19/20,Red,0
65,2/20/20,Green,0
65,2/20/20,Red,0
65,2/21/20,Green,0
65,2/21/20,Red,0
65,2/22/20,Green,0
65,2/22/20,Red,0
65,2/23/20,Green,0
65,2/23/20,Red,0
65,2/24/20,Green,0
65,2/24/20,Red,0
65,2/25/20,Green,0
65,2/25/20,Red,0
66,1/31/20,Green,0
66,1/31/20,Red,0
66,2/4/20,Green,0
66,2/4/20,Red,5
66,2/5/20,Green,0
66,2/5/20,Red,5
66,2/6/20,Green,0
66,2/6/20,Red,5
66,2/7/20,Green,0
66,2/7/20,Red,5
66,2/8/20,Green,0
66,2/8/20,Red,5
66,2/9/20,Green,0
66,2/9/20,Red,5
66,2/10/20,Green,0
66,2/10/20,Red,10
66,2/11/20,Green,5
66,2/11/20,Red,10
66,2/12/20,Green,5
66,2/12/20,Red,10
66,2/13/20,Green,5
66,2/13/20,Red,10
66,2/14/20,Green,5
66,2/14/20,Red,10
66,2/15/20,Green,5
66,2/15/20,Red,10
66,2/16/20,Green,5
66,2/16/20,Red,10
66,2/17/20,Green,5
66,2/17/20,Red,10
66,2/18/20,Green,5
66,2/18/20,Red,10
66,2/19/20,Green,10
66,2/19/20,Red,15
66,2/20/20,Green,10
66,2/20/20,Red,20
66,2/21/20,Green,15
66,2/21/20,Red,25
66,2/22/20,Green,20
66,2/22/20,Red,25
66,2/23/20,Green,30
66,2/23/20,Red,35
66,2/24/20,Green,35
66,2/24/20,Red,40
66,2/25/20,Green,40
66,2/25/20,Red,45
67,1/31/20,Green,0
67,1/31/20,Red,0
67,2/4/20,Green,0
67,2/4/20,Red,5
67,2/5/20,Green,2.5
67,2/5/20,Red,20
67,2/6/20,Green,2.5
67,2/6/20,Red,20
67,2/7/20,Green,10
67,2/7/20,Red,25
67,2/8/20,Green,10
67,2/8/20,Red,30
67,2/9/20,Green,33
67,2/9/20,Red,50
67,2/10/20,Green,45
67,2/10/20,Red,55
68,1/31/20,Green,0
68,1/31/20,Red,0
68,2/4/20,Green,0
68,2/4/20,Red,5
68,2/5/20,Green,0
68,2/5/20,Red,5
68,2/6/20,Green,0
68,2/6/20,Red,7.5
68,2/7/20,Green,5
68,2/7/20,Red,10
68,2/8/20,Green,5
68,2/8/20,Red,15
68,2/9/20,Green,5
68,2/9/20,Red,25
68,2/10/20,Green,15
68,2/10/20,Red,25
68,2/11/20,Green,40
68,2/11/20,Red,30
68,2/12/20,Green,80
68,2/12/20,Red,75
69,1/31/20,Green,0
69,1/31/20,Red,0
69,2/4/20,Green,5
69,2/4/20,Red,0
69,2/5/20,Green,5
69,2/5/20,Red,0
69,2/6/20,Green,5
69,2/6/20,Red,0
69,2/7/20,Green,5
69,2/7/20,Red,0
69,2/8/20,Green,5
69,2/8/20,Red,0
69,2/9/20,Green,5
69,2/9/20,Red,0
69,2/10/20,Green,5
69,2/10/20,Red,0
69,2/11/20,Green,5
69,2/11/20,Red,0
69,2/12/20,Green,5
69,2/12/20,Red,0
69,2/13/20,Green,5
69,2/13/20,Red,0
69,2/14/20,Green,5
69,2/14/20,Red,0
69,2/15/20,Green,10
69,2/15/20,Red,0
69,2/16/20,Green,10
69,2/16/20,Red,0
69,2/17/20,Green,10
69,2/17/20,Red,0
69,2/18/20,Green,10
69,2/18/20,Red,0
69,2/19/20,Green,10
69,2/19/20,Red,0
69,2/20/20,Green,10
69,2/20/20,Red,0
69,2/21/20,Green,10
69,2/21/20,Red,0
69,2/22/20,Green,10
69,2/22/20,Red,0
69,2/23/20,Green,10
69,2/23/20,Red,0
69,2/24/20,Green,10
69,2/24/20,Red,0
69,2/25/20,Green,10
69,2/25/20,Red,0
70,1/31/20,Green,0
70,1/31/20,Red,0
70,2/4/20,Green,0
70,2/4/20,Red,0
70,2/5/20,Green,0
70,2/5/20,Red,7.5
70,2/6/20,Green,0
70,2/6/20,Red,7.5
70,2/7/20,Green,0
70,2/7/20,Red,7.5
70,2/8/20,Green,0
70,2/8/20,Red,7.5
70,2/9/20,Green,0
70,2/9/20,Red,7.5
70,2/10/20,Green,0
70,2/10/20,Red,7.5
70,2/11/20,Green,0
70,2/11/20,Red,7.5
70,2/12/20,Green,0
70,2/12/20,Red,7.5
70,2/13/20,Green,0
70,2/13/20,Red,7.5
70,2/14/20,Green,0
70,2/14/20,Red,7.5
70,2/15/20,Green,0
70,2/15/20,Red,7.5
70,2/16/20,Green,0
70,2/16/20,Red,7.5
70,2/17/20,Green,0
70,2/17/20,Red,7.5
70,2/18/20,Green,0
70,2/18/20,Red,7.5
70,2/19/20,Green,0
70,2/19/20,Red,7.5
70,2/20/20,Green,0
70,2/20/20,Red,7.5
70,2/21/20,Green,0
70,2/21/20,Red,7.5
70,2/22/20,Green,0
70,2/22/20,Red,7.5
70,2/23/20,Green,0
70,2/23/20,Red,7.5
70,2/24/20,Green,0
70,2/24/20,Red,7.5
70,2/25/20,Green,0
70,2/25/20,Red,7.5
71,1/31/20,Green,0
71,1/31/20,Red,0
71,2/4/20,Green,15
71,2/4/20,Red,0
71,2/5/20,Green,30
71,2/5/20,Red,0
71,2/6/20,Green,35
71,2/6/20,Red,10
71,2/7/20,Green,35
71,2/7/20,Red,15
71,2/8/20,Green,45
71,2/8/20,Red,25
71,2/9/20,Green,45
71,2/9/20,Red,25
71,2/10/20,Green,45
71,2/10/20,Red,35
72,1/31/20,Green,0
72,1/31/20,Red,0
72,2/4/20,Green,15
72,2/4/20,Red,4
72,2/5/20,Green,15
72,2/5/20,Red,30
72,2/6/20,Green,25
72,2/6/20,Red,30
72,2/7/20,Green,25
72,2/7/20,Red,30
72,2/8/20,Green,25
72,2/8/20,Red,40
72,2/9/20,Green,30
72,2/9/20,Red,40
72,2/10/20,Green,35
72,2/10/20,Red,40
72,2/11/20,Green,40
72,2/11/20,Red,40
72,2/12/20,Green,45
72,2/12/20,Red,50
72,2/13/20,Green,45
72,2/13/20,Red,50
72,2/14/20,Green,45
72,2/14/20,Red,55
72,2/15/20,Green,45
72,2/15/20,Red,55
72,2/16/20,Green,45
72,2/16/20,Red,55
72,2/17/20,Green,45
72,2/17/20,Red,55
72,2/18/20,Green,45
72,2/18/20,Red,55
72,2/19/20,Green,45
72,2/19/20,Red,55
73,1/31/20,Green,0
73,1/31/20,Red,0
73,2/4/20,Green,0
73,2/4/20,Red,5
73,2/5/20,Green,0
73,2/5/20,Red,5
73,2/6/20,Green,0
73,2/6/20,Red,5
73,2/7/20,Green,0
73,2/7/20,Red,5
73,2/8/20,Green,0
73,2/8/20,Red,5
73,2/9/20,Green,0
73,2/9/20,Red,5
73,2/10/20,Green,0
73,2/10/20,Red,5
73,2/11/20,Green,0
73,2/11/20,Red,5
73,2/12/20,Green,0
73,2/12/20,Red,5
73,2/13/20,Green,0
73,2/13/20,Red,5
73,2/14/20,Green,0
73,2/14/20,Red,5
73,2/15/20,Green,0
73,2/15/20,Red,5
73,2/16/20,Green,0
73,2/16/20,Red,5
73,2/17/20,Green,0
73,2/17/20,Red,5
73,2/18/20,Green,0
73,2/18/20,Red,5
73,2/19/20,Green,0
73,2/19/20,Red,5
73,2/20/20,Green,2.5
73,2/20/20,Red,5
73,2/21/20,Green,2.5
73,2/21/20,Red,5
73,2/22/20,Green,2.5
73,2/22/20,Red,5
73,2/23/20,Green,5
73,2/23/20,Red,5
73,2/24/20,Green,5
73,2/24/20,Red,5
73,2/25/20,Green,5
73,2/25/20,Red,5
74,1/31/20,Green,0
74,1/31/20,Red,0
74,2/4/20,Green,20
74,2/4/20,Red,7.5
74,2/5/20,Green,25
74,2/5/20,Red,20
74,2/6/20,Green,25
74,2/6/20,Red,35
74,2/7/20,Green,30
74,2/7/20,Red,45
75,1/31/20,Green,0
75,1/31/20,Red,0
75,2/4/20,Green,0
75,2/4/20,Red,0
75,2/5/20,Green,0
75,2/5/20,Red,0
75,2/6/20,Green,0
75,2/6/20,Red,2.5
75,2/7/20,Green,0
75,2/7/20,Red,2.5
75,2/8/20,Green,0
75,2/8/20,Red,2.5
75,2/9/20,Green,0
75,2/9/20,Red,2.5
75,2/10/20,Green,0
75,2/10/20,Red,2.5
75,2/11/20,Green,0
75,2/11/20,Red,2.5
75,2/12/20,Green,0
75,2/12/20,Red,2.5
75,2/13/20,Green,0
75,2/13/20,Red,5
75,2/14/20,Green,0
75,2/14/20,Red,5
75,2/15/20,Green,0
75,2/15/20,Red,5
75,2/16/20,Green,0
75,2/16/20,Red,5
75,2/17/20,Green,2.5
75,2/17/20,Red,5
75,2/18/20,Green,2.5
75,2/18/20,Red,5
75,2/19/20,Green,2.5
75,2/19/20,Red,5
75,2/20/20,Green,5
75,2/20/20,Red,5
75,2/21/20,Green,7.5
75,2/21/20,Red,5
75,2/22/20,Green,10
75,2/22/20,Red,5
75,2/23/20,Green,10
75,2/23/20,Red,5
75,2/24/20,Green,10
75,2/24/20,Red,5
75,2/25/20,Green,10
75,2/25/20,Red,5
76,1/31/20,Green,0
76,1/31/20,Red,0
76,2/4/20,Green,20
76,2/4/20,Red,7.5
76,2/5/20,Green,20
76,2/5/20,Red,10
76,2/6/20,Green,20
76,2/6/20,Red,25
76,2/7/20,Green,25
76,2/7/20,Red,25
76,2/8/20,Green,25
76,2/8/20,Red,30
76,2/9/20,Green,30
76,2/9/20,Red,35
76,2/10/20,Green,35
76,2/10/20,Red,35
76,2/11/20,Green,35
76,2/11/20,Red,35
76,2/12/20,Green,35
76,2/12/20,Red,40
76,2/13/20,Green,40
76,2/13/20,Red,45
76,2/14/20,Green,45
76,2/14/20,Red,45
76,2/15/20,Green,50
76,2/15/20,Red,50
77,1/31/20,Green,0
77,1/31/20,Red,0
77,2/4/20,Green,15
77,2/4/20,Red,10
77,2/5/20,Green,40
77,2/5/20,Red,50
77,2/6/20,Green,60
77,2/6/20,Red,60
78,1/31/20,Green,0
78,1/31/20,Red,7.5
78,2/4/20,Green,0
78,2/4/20,Red,7.5
78,2/5/20,Green,15
78,2/5/20,Red,7.5
78,2/6/20,Green,30
78,2/6/20,Red,25
78,2/7/20,Green,30
78,2/7/20,Red,30
78,2/8/20,Green,30
78,2/8/20,Red,35
78,2/9/20,Green,45
78,2/9/20,Red,40
78,2/10/20,Green,100
78,2/10/20,Red,95
79,1/31/20,Green,5
79,1/31/20,Red,0
79,2/4/20,Green,5
79,2/4/20,Red,2.5
79,2/5/20,Green,5
79,2/5/20,Red,2.5
79,2/6/20,Green,5
79,2/6/20,Red,5
79,2/7/20,Green,5
79,2/7/20,Red,5
79,2/8/20,Green,5
79,2/8/20,Red,5
79,2/9/20,Green,5
79,2/9/20,Red,5
79,2/10/20,Green,10
79,2/10/20,Red,15
79,2/11/20,Green,30
79,2/11/20,Red,35
79,2/12/20,Green,45
79,2/12/20,Red,60
80,1/31/20,Green,0
80,1/31/20,Red,0
80,2/4/20,Green,0
80,2/4/20,Red,0
80,2/5/20,Green,7.5
80,2/5/20,Red,15
80,2/6/20,Green,65
80,2/6/20,Red,50